Workbook

Sheet Summary
A1: AlienFit — Subscriber App Activity
A2: Report date | B2: 46197
A4: Metric | B4: Value
A5: Subscribed users | B5: =COUNTA(Subscribers!A2:A18) -> 17
A6: Opened today (last 24h) | B6: =COUNTIF(Subscribers!E2:E18,0) -> 3
A7: Active (opened ≤7 days) | B7: =COUNTIF(Subscribers!C2:C18,"Active") -> 8
A8: Inactive (8–30 days) | B8: =COUNTIF(Subscribers!C2:C18,"Inactive") -> 1
A9: Never opened the app | B9: =COUNTIF(Subscribers!C2:C18,"Never opened") -> 8
A10: Push-reachable (has token) | B10: =COUNTIF(Subscribers!I2:I18,"Yes") -> 8
A11: Subscriptions expiring ≤7 days | B11: =COUNTIF(Subscribers!H2:H18,"⚠️ Soon") -> 4
A12: Active rate (7d) | B12: =B7/B5 -> 0.47058824
A13: Push reach rate | B13: =B10/B5 -> 0.47058824
A16: Key findings:
A17: • Only 8 of 17 paying subscribers opened the app in the last 7 days; 8 NEVER opened it.
A18: • Only 8 of 17 are reachable by push (have an FCM token) — the other 9 have no device token.
A19: • Several never-opened subscribers expire within days (see 'Subscribers' tab, ⚠️ Soon).
A20: • Peak login hours are around 11:00 and 13:00–15:00 Cairo time (see 'Login Times' tab).
A21: • 'Last open' = most recent user_sessions.updatedAt; 'Never opened' = no app session on record.

Sheet Subscribers
A1: Name | B1: Phone | C1: Status | D1: Last open | E1: Days since open | F1: Subscription ends | G1: Days left | H1: Expiring? | I1: Push reachable
A2: Ramy Elhossainy | B2: +201234500007 | C2: Active | D2: 46197.308 | E2: =IF(D2="","",INT(Summary!$B$2-D2)) -> -1 | F2: 46225.899 | G2: =INT(F2-Summary!$B$2) -> 28 | H2: =IF(G2<=7,"⚠️ Soon","") | I2: Yes
A3: Menna Salem | B3: +201016986617 | C3: Active | D3: 46197.229 | E3: =IF(D3="","",INT(Summary!$B$2-D3)) -> -1 | F3: 46207.684 | G3: =INT(F3-Summary!$B$2) -> 10 | H3: =IF(G3<=7,"⚠️ Soon","") | I3: Yes
A4: shady | B4: +201023126037 | C4: Active | D4: 46196.926 | E4: =IF(D4="","",INT(Summary!$B$2-D4)) -> 0 | F4: 46232.875 | G4: =INT(F4-Summary!$B$2) -> 35 | H4: =IF(G4<=7,"⚠️ Soon","") | I4: Yes
A5: Mariam | B5: +201033244624 | C5: Active | D5: 46196.729 | E5: =IF(D5="","",INT(Summary!$B$2-D5)) -> 0 | F5: 46204.587 | G5: =INT(F5-Summary!$B$2) -> 7 | H5: =IF(G5<=7,"⚠️ Soon","") -> ⚠️ Soon | I5: Yes
A6: Youssef Newishi | B6: +201111100159 | C6: Active | D6: 46196.061 | E6: =IF(D6="","",INT(Summary!$B$2-D6)) -> 0 | F6: 46207.513 | G6: =INT(F6-Summary!$B$2) -> 10 | H6: =IF(G6<=7,"⚠️ Soon","") | I6: Yes
A7: Youssef Ahmed | B7: +201211201869 | C7: Active | D7: 46194.759 | E7: =IF(D7="","",INT(Summary!$B$2-D7)) -> 2 | F7: 46212.635 | G7: =INT(F7-Summary!$B$2) -> 15 | H7: =IF(G7<=7,"⚠️ Soon","") | I7: Yes
A8: Adham Abouelhamd | B8: +201025885995 | C8: Active | D8: 46194.532 | E8: =IF(D8="","",INT(Summary!$B$2-D8)) -> 2 | F8: 46224.565 | G8: =INT(F8-Summary!$B$2) -> 27 | H8: =IF(G8<=7,"⚠️ Soon","") | I8: Yes
A9: Peter Youssef | B9: +201274712888 | C9: Active | D9: 46192.875 | E9: =IF(D9="","",INT(Summary!$B$2-D9)) -> 4 | F9: 46283.365 | G9: =INT(F9-Summary!$B$2) -> 86 | H9: =IF(G9<=7,"⚠️ Soon","") | I9: No
A10: lilly battisha | B10: +201146024607 | C10: Inactive | D10: 46182.457 | E10: =IF(D10="","",INT(Summary!$B$2-D10)) -> 14 | F10: 46214.575 | G10: =INT(F10-Summary!$B$2) -> 17 | H10: =IF(G10<=7,"⚠️ Soon","") | I10: Yes
A11: RANA HELMY | B11: +201285939931 | C11: Never opened | E11: =IF(D11="","",INT(Summary!$B$2-D11)) | F11: 46215.872 | G11: =INT(F11-Summary!$B$2) -> 18 | H11: =IF(G11<=7,"⚠️ Soon","") | I11: No
A12: Laila | B12: +201117180000 | C12: Never opened | E12: =IF(D12="","",INT(Summary!$B$2-D12)) | F12: 46198.976 | G12: =INT(F12-Summary!$B$2) -> 1 | H12: =IF(G12<=7,"⚠️ Soon","") -> ⚠️ Soon | I12: No
A13: Neveen Mourad | B13: +201150021500 | C13: Never opened | E13: =IF(D13="","",INT(Summary!$B$2-D13)) | F13: 46242.598 | G13: =INT(F13-Summary!$B$2) -> 45 | H13: =IF(G13<=7,"⚠️ Soon","") | I13: No
A14: Hatem | B14: +201002005400 | C14: Never opened | E14: =IF(D14="","",INT(Summary!$B$2-D14)) | F14: 46227.49 | G14: =INT(F14-Summary!$B$2) -> 30 | H14: =IF(G14<=7,"⚠️ Soon","") | I14: No
A15: noor gamali | B15: +201281100200 | C15: Never opened | E15: =IF(D15="","",INT(Summary!$B$2-D15)) | F15: 46206.206 | G15: =INT(F15-Summary!$B$2) -> 9 | H15: =IF(G15<=7,"⚠️ Soon","") | I15: No
A16: shady Khalil | B16: +201000555759 | C16: Never opened | E16: =IF(D16="","",INT(Summary!$B$2-D16)) | F16: 46201.648 | G16: =INT(F16-Summary!$B$2) -> 4 | H16: =IF(G16<=7,"⚠️ Soon","") -> ⚠️ Soon | I16: No
A17: Ahmed Khorshid | B17: +201009600070 | C17: Never opened | E17: =IF(D17="","",INT(Summary!$B$2-D17)) | F17: 46213.314 | G17: =INT(F17-Summary!$B$2) -> 16 | H17: =IF(G17<=7,"⚠️ Soon","") | I17: No
A18: mohamed kassem | B18: +201000001591 | C18: Never opened | E18: =IF(D18="","",INT(Summary!$B$2-D18)) | F18: 46200.385 | G18: =INT(F18-Summary!$B$2) -> 3 | H18: =IF(G18<=7,"⚠️ Soon","") -> ⚠️ Soon | I18: No

Sheet Login Times
A1: Login times of subscribers (Cairo time, last 30 days)
A3: Hour (Cairo) | B3: Logins
A4: 05:00 | B4: 1
A5: 06:00 | B5: 1
A6: 08:00 | B6: 1
A7: 10:00 | B7: 1
A8: 11:00 | B8: 4
A9: 12:00 | B9: 1
A10: 13:00 | B10: 2
A11: 14:00 | B11: 2
A12: 15:00 | B12: 2
A13: 16:00 | B13: 1
A14: 17:00 | B14: 1
A15: 18:00 | B15: 1
... A18: 21:00 | B18: 1
A19: Total | B19: =SUM(B4:B18) -> 21
